relative_path,size_bytes,sha256
.dockerignore,133,ac621bd6200a2fcd52f9c8f23f13e80c1b20cc500a50e3d3ddeda27deabf87ec
.gitignore,520,34e8b1022d8d5745e9ac4d241a565db5613190d64bd3eeca24778c2ebb7ba777
Dockerfile,440,db912ebe4c276787f6158917004c6ade5d5ccea9a098a4779021847f302e05c1
IMPROVEMENTS.md,1369,70e0218a6bade816b5946ff1571b69a0ea42428eda60f938de7b7a0ab2b03617
LICENSE,1071,010d5c26b308650f4d5f3eb1010a3cd5d5fe0618b478d7e7944ae1bbfd2b7cd2
MONOREPO_INTEGRATION.md,1015,1e4abe2321334cc6ab8d517ef2ebe16673215a09375a42d9b68ea166fac9c20e
PROJECT_AUDIT.md,2405,e97aa321216c667433d5c6ec802145372924348af3533af8c7b9f14392fa4615
README.md,13913,2cc1ce3f607db08a60af0b1ffacbc424bbc02c61243bace0351a269a70960962
README_HOSTING.md,2534,d3a64f594694e990ad1cd90a04dfa700db96ea115f29c509c01f714cace3b8dd
README_HUGGINGFACE.md,838,7bb9f0fa8458a3c10c43703115f99c22319c64ea0585000967a5cbbacdb156d1
__init__.py,0,e3b0c44298fc1c149afbf4c8996fb92427ae41e4649b934ca495991b7852b855
app.py,6214,1e2bd6e02030ec8af3895916461968dbee00eea93ad90228a4f0955f34ff2203
archive/README.md,567,05fc740a02e82cac22af140d82cbae4370dbcd916a815e7226755c7815d10ebf
data/README_data.md,1494,5c9be4721a27ae357c5dc861232ce74ded04bf3e83faf026bffcc068fdadc2da
data/sample_images/sample_01.png,3608,144ae41a5f4536e48fe5c4ac1c32070af83226ebc69418c3d7b954346f571094
data/sample_images/sample_02.png,3656,61bc6b0eac354abbc61c430f982f6769dd77d3bb587ecac9030417f5b8abf05a
data/sample_images/sample_03.png,3611,8456854faf0b0759d3db812509fcb38eeb44f5b01d31b14ba9bed0135cf76833
data/sample_images/sample_04.png,3620,f09ae3ae752f16be646b4ab9c0b110c121fea320e6f812aa29dbda557f566f6b
data/sample_images/sample_05.png,3627,8d39a6b9d57461540fee9c7c79ef6c5599d62bac3b01f2a09ce716f6df848783
data/sample_images/sample_06.png,3632,c3301b310f033c8ca842c2e0ec2d9ee494bb3a2bfa178edcb96ff9860fc81dee
data/sample_images/sample_07.png,3627,c1547055677071d7fccd48fa6865ebb50569c34231396548ffcc1457b88d2e0f
data/sample_images/sample_08.png,3630,e0bfe00456b0ddcee07a3b637936748e7bb165db3dfb1fc574e928bc01b7dd3a
data/sample_manifest.csv,741,31876c44324c6438224d7ec2e626a1adb24ef65c627630fcb0bbf99e4a3ff66b
data/sample_masks/sample_01.png,157,de577cf5646f7fc2950099d2d0731e688e6636c90d025b5176eb2c8e545793a0
data/sample_masks/sample_02.png,202,0ed609dac1cfab38294f333a1f84c7c4e6669b93cb1925f6bcf279980f6de029
data/sample_masks/sample_03.png,193,b6b2e2cd40ad0602d3e436d0aa5caee5a078eebc552792ca2fee3a5d990330c6
data/sample_masks/sample_04.png,155,986c023cb4d33076edde3e9097f877bc116eebb0db56bd41ff05285a56903464
data/sample_masks/sample_05.png,184,bb28f76bcc69786f2cbec4f4f546ecf83da6694bd7510bbfc7ba40c705722e3f
data/sample_masks/sample_06.png,193,90f2202ddbba12db612b665fe2d4891fb1cf5229c428920d6934209baa07b766
data/sample_masks/sample_07.png,169,2a96447d2c5aaed170fb138a954eb301873fa5737a472b97f81de5f0d268cdd5
data/sample_masks/sample_08.png,160,c9d425fb1535ac5793683634b06c0b5bd7bdfcc26e3a2d4c3aeaf132bf3a9a7a
gradio_app.py,255,89596ebf36c901005d8a3b8f46fadcccecabb78ddab0aaab318309fa96b8af36
images/README.md,314,02bc88129d4c6f23244a23d19a379daefe3d25dc1174a4bd0b8f2158288fbf66
images/demo_screenshot.png,105581,6ca5300e05c55c15e116d9b9a36a7125712393fbe79593e0e24a14e9be240260
images/model_architecture.png,76763,b5191e9fa44f1e1dbbbc7e7532422450ad383e24578dd36037fd86cd67a23151
models/MODEL_CARD.md,1227,52444695b39cbfd8b326cf599f80ea23f5865c0f6c9b78a92483f068276a6ec0
models/metrics.json,241,c077b77df69da1ef96954b9408462c837986958b77539e0ef37753a434ec34d3
models/model_metadata.json,4316,6324a4160387e40f1669bdb9ee316ffb71769e0e7282c937ffb34810bee3d2b5
models/unet_medical.keras,5738692,f1627ed203bb80d22365b9e77d0a9c25ef569889e2aa265a7807cec9d8847cbc
notebooks/image_segmentation_unet_medical_imaging.ipynb,6374,3def3f4b214ceaca531c8ffab11dcddeba42674a2e780415645309f09cd53e55
outputs/README.md,417,aa06b83dc1655d25ad5a2c70fc9504fb5a00b82759608a7fd501495238d0fe5e
outputs/best_segmentation_examples.png,127893,ecbb6627c52d03acf27aff2a1c1c1b969cdab15189db4af5b69f9690ea27a789
outputs/dice_iou_scores.png,48496,5c487001c76c98bbd982e31a6c5ddaebf15b4f00d3084fb13a38de5ee587927e
outputs/evaluation_summary.json,720,054b0de8c86cabb5939254e6877f9687251e1e30017f19145a8bf11864e71a50
outputs/loss_curve.png,73292,8bab13a516658e951832f7d7ff4f46be4030e2c4d469f3a245fca5d095b295d9
outputs/model_metrics.json,675,5db78212d31cc167b74e2290688da4ff5d21573f7b066335bc070c1600644673
outputs/overlay_predictions.png,144361,6160e9282e14d9ba90ae306c68f08aa1a0cf24d876e5e21abc7862f3eaab135e
outputs/per_sample_dice_distribution.png,35723,e3ddda5b3570198566e7fcea2a4a22b8a7a242bec8ac57226ef318041c26ee3e
outputs/predicted_masks.png,34111,2085a19dd7eb9a4280dfc2a49f0155425463c7893d5603272129904ec749198a
outputs/probability_maps.png,37774,c044440314ab2c031aaf5a1752fb3352895f6eafd161eba7653cf3151158c589
outputs/recorded_training_history.csv,511,3b53a13230ce67884b775b663bc6a4e20b710f588bc281e477455ec6b53e156a
outputs/sample_ground_truth_masks.png,37819,1d9e6cfd58c5f9d033a7a669bc70f423e8a3ddfc029911172c1bd3f8685e39d8
outputs/sample_input_images.png,144647,f52c186c5aee2513c9e2f962e8c26fd4aaa1f74c3c62424233faddfe33cf5bfb
outputs/sample_predictions.csv,18980,7dd6df4a151cd9b576c553b422d2ed45db0032bbd670c8aa9534556ec805c00e
outputs/segmentation_error_examples.png,142106,1bf9dc5eedfe7ba4c6b6e48ccf284be91ab8c11e15188cce13b5452c2548e041
outputs/threshold_sensitivity.png,83036,42709d3dabd628eafa06c8eed2b1d6e91f585c772498c5f84b679dc0962ff5c1
outputs/threshold_sweep.csv,564,f4960f96c871f2d52cbe8dc6da0ea639d8fb2737e0608a0199a6b98a1de393ab
outputs/training_curve.png,62538,6086ed260fc81e851f965c9d301e8cd490baeabee228e5c7f8c5f8ef14c08e99
pyproject.toml,205,b0cf2f8de9066167bfcb687a34c9a852f15c56412fcbd0277edf425e143597ce
requirements-dev.txt,76,b800d2d79da7805a9167c8e0b88417a1623be717847e847f7c92bd0658dd28d4
requirements-training.txt,75,e8a34c1758b26fa4afbb0f84c0e69870d1fb91f676dcdb08e06d01ec08b52b07
requirements.txt,72,bb00813e2db65a32d2f7b477aa50f15c3965077a868c7f287bf29739308834f7
run_local.bat,204,a9096bf8025975e386e8cc27255946f1c480911b760a94b29a6b56b236b143b9
run_local.sh,220,cf22663c1246a66d9e3f22db3001a92c8dabe285c64a5b90c3d780a791bef838
scripts/evaluate_model.py,1822,af312485bbd669a9a1940ac5612c5beba650e0c498b4d1a984c55c8d005c0020
scripts/generate_demo_assets.py,543,e368adaa0a00eebd1818604c888ee391596407ce328f21741b805e6002468591
scripts/run_gradio.py,409,e0754803c9b6af50cd91d17960aefbad7655a9421d03c4579d19d06267c7db13
scripts/smoke_test.py,705,8f4577803352f50995e7019f948dbb8c89d3831b26abb44c5230bb233b519f09
scripts/train_model.py,989,67af555c2c79b68051df8fdef2f6e05374941af93aa8ec721a76ea15c951849e
src/__init__.py,224,767195f38600c5f892bab2b8c3864f4874f51c10c9229caa2bb76624de23e706
src/config.py,1158,19c0dae71f5555885fbd417db1c6fc95db7860ec9c242e7643a2bb1d7f55bf7a
src/data_preprocessing.py,443,8cb4d89fef7cae4fb17c8911951c74d2184e35120214f8ff6eac9c67271130f2
src/dataset_loader.py,1987,b1726928b7e5fae66a1ea1e2ae6e07c0e2da54157f4a5d51f28ca5a940375826
src/image_preprocessing.py,2965,c08044760f509f01e42eacf6c86c1bfda4039faaa6d4f8e69e9823f2684d33a4
src/inference_pipeline.py,5331,834e022b1f385cb505e910610d4f8e0e2c80994ec0ece9b07aee89df7f921aad
src/mask_preprocessing.py,1559,a93a2b9e986bf9a341ada9b92872dfc895025fdcd1888f1372124da24a3cdc96
src/metrics.py,4084,09945689153c3d64f4ea4596db35f2fb56031586358f7dfb0c6df6c553d07c20
src/model_evaluation.py,2548,1dac8753c2a4d5abf9bd0c6920063620d8a6a3f93893496b722765c86ca72960
src/model_training.py,2193,31cbb8a6b1baf82d77d867d0263ceb6788307bb7155dce703eed8c2458bae74c
src/segmentation_pipeline.py,1202,7342aa665a59062141f1147015504f7b4962ae7402af4b0c75ce49ff511ee181
src/synthetic_data.py,2717,c3ec4d751ddf5b2624b62e66ec465647007e8974416ad24ae8dc3a55ec9b2a0c
src/unet_model.py,1600,708aef2712b60abf8048b29bc7365e261f9d12e2c9132673f853cf8d29b63d99
src/visualization.py,2203,f17ffb3ca3b4d96773b1ee71aad79a134a15be34ee9b59c10131ddaadc224ec4
tests/__init__.py,0,e3b0c44298fc1c149afbf4c8996fb92427ae41e4649b934ca495991b7852b855
tests/test_image_preprocessing.py,725,a1ca16a898c35a27b745858cb4297b5bb95daf5e00fc9fc9f2b8b4d783996608
tests/test_inference_pipeline.py,927,9e7373a567c08685a87ef23b8b887a1d8e59ed7cb4277d92673f2ed7b2d64982
tests/test_mask_preprocessing.py,830,3897ef5558b987a4f8bf0a56359112bd422525eb1189e8e2193658b5f680c533
tests/test_synthetic_data.py,935,8ae8be3c40442a23179b30570c73b045e77d53552a6d404be049533c22e6ec3c
